,First Name,Last Name,Date,Id
1,Dulce,Abril,15/10/2017,1562
2,Mara,Hashimoto,16/08/2016,1582
3,Philip,Gent,21/05/2015,2587
4,Kathleen,Hanner,15/10/2017,3549
5,Nereida,Magwood,16/08/2016,2468
6,Gaston,Brumm,21/05/2015,2554
7,Etta,Hurn,15/10/2017,3598
8,Earlean,Melgar,16/08/2016,2456
9,Vincenza,Weiland,21/05/2015,6548
10,Fallon,Winward,16/08/2016,5486
11,Arcelia,Bouska,21/05/2015,1258
12,Franklyn,Unknow,15/10/2017,2579
13,Sherron,Ascencio,16/08/2016,3256
14,Marcel,Zabriskie,21/05/2015,2587
15,Kina,Hazelton,16/08/2016,3259
16,Shavonne,Pia,21/05/2015,1546
17,Shavon,Benito,15/10/2017,3579
18,Lauralee,Perrine,16/08/2016,6597
19,Loreta,Curren,21/05/2015,9654
20,Teresa,Strawn,21/05/2015,3569
21,Belinda,Partain,15/10/2017,2564
22,Holly,Eudy,16/08/2016,8561
23,Many,Cuccia,21/05/2015,5489
24,Libbie,Dalby,21/05/2015,5489
25,Lester,Prothro,15/10/2017,6574
26,Marvel,Hail,16/08/2016,5555
27,Angelyn,Vong,21/05/2015,6125
28,Francesca,Beaudreau,15/10/2017,5412
29,Garth,Gangi,16/08/2016,3256
30,Carla,Trumbull,21/05/2015,3264
31,Veta,Muntz,15/10/2017,4569
32,Stasia,Becker,16/08/2016,7521
33,Jona,Grindle,21/05/2015,6458
34,Judie,Claywell,16/08/2016,7569
35,Dewitt,Borger,21/05/2015,8514
36,Nena,Hacker,15/10/2017,8563
37,Kelsie,Wachtel,16/08/2016,8642
38,Sau,Pfau,21/05/2015,9536
39,Shanice,Mccrystal,21/05/2015,2567
40,Chase,Karner,15/10/2017,2154
41,Tommie,Underdahl,16/08/2016,3265
42,Dorcas,Darity,21/05/2015,8765
43,Angel,Sanor,15/10/2017,3259
44,Willodean,Harn,16/08/2016,3567
45,Weston,Martina,21/05/2015,6540
46,Roma,Lafollette,15/10/2017,2654
47,Felisa,Cail,16/08/2016,6525
48,Demetria,Abbey,21/05/2015,3265
49,Jeromy,Danz,15/10/2017,3265
50,Rasheeda,Alkire,16/08/2016,6125
51,Dulce,Abril,15/10/2017,1562
52,Mara,Hashimoto,16/08/2016,1582
53,Philip,Gent,21/05/2015,2587
54,Kathleen,Hanner,15/10/2017,3549
55,Nereida,Magwood,16/08/2016,2468
56,Gaston,Brumm,21/05/2015,2554
57,Etta,Hurn,15/10/2017,3598
58,Earlean,Melgar,16/08/2016,2456
59,Vincenza,Weiland,21/05/2015,6548
60,Fallon,Winward,16/08/2016,5486
61,Arcelia,Bouska,21/05/2015,1258
62,Franklyn,Unknow,15/10/2017,2579
63,Sherron,Ascencio,16/08/2016,3256
64,Marcel,Zabriskie,21/05/2015,2587
65,Kina,Hazelton,16/08/2016,3259
66,Shavonne,Pia,21/05/2015,1546
67,Shavon,Benito,15/10/2017,3579
68,Lauralee,Perrine,16/08/2016,6597
69,Loreta,Curren,21/05/2015,9654
70,Teresa,Strawn,21/05/2015,3569
71,Belinda,Partain,15/10/2017,2564
72,Holly,Eudy,16/08/2016,8561
73,Many,Cuccia,21/05/2015,5489
74,Libbie,Dalby,21/05/2015,5489
75,Lester,Prothro,15/10/2017,6574
76,Marvel,Hail,16/08/2016,5555
77,Angelyn,Vong,21/05/2015,6125
78,Francesca,Beaudreau,15/10/2017,5412
79,Garth,Gangi,16/08/2016,3256
80,Carla,Trumbull,21/05/2015,3264
81,Veta,Muntz,15/10/2017,4569
82,Stasia,Becker,16/08/2016,7521
83,Jona,Grindle,21/05/2015,6458
84,Judie,Claywell,16/08/2016,7569
85,Dewitt,Borger,21/05/2015,8514
86,Nena,Hacker,15/10/2017,8563
87,Kelsie,Wachtel,16/08/2016,8642
88,Sau,Pfau,21/05/2015,9536
89,Shanice,Mccrystal,21/05/2015,2567
90,Chase,Karner,15/10/2017,2154
91,Tommie,Underdahl,16/08/2016,3265
92,Dorcas,Darity,21/05/2015,8765
93,Angel,Sanor,15/10/2017,3259
94,Willodean,Harn,16/08/2016,3567
95,Weston,Martina,21/05/2015,6540
96,Roma,Lafollette,15/10/2017,2654
97,Felisa,Cail,16/08/2016,6525
98,Demetria,Abbey,21/05/2015,3265
99,Jeromy,Danz,15/10/2017,3265
100,Rasheeda,Alkire,16/08/2016,6125
101,Dulce,Abril,15/10/2017,1562
102,Mara,Hashimoto,16/08/2016,1582
103,Philip,Gent,21/05/2015,2587
104,Kathleen,Hanner,15/10/2017,3549
105,Nereida,Magwood,16/08/2016,2468
106,Gaston,Brumm,21/05/2015,2554
107,Etta,Hurn,15/10/2017,3598
108,Earlean,Melgar,16/08/2016,2456
109,Vincenza,Weiland,21/05/2015,6548
110,Fallon,Winward,16/08/2016,5486
111,Arcelia,Bouska,21/05/2015,1258
112,Franklyn,Unknow,15/10/2017,2579
113,Sherron,Ascencio,16/08/2016,3256
114,Marcel,Zabriskie,21/05/2015,2587
115,Kina,Hazelton,16/08/2016,3259
116,Shavonne,Pia,21/05/2015,1546
117,Shavon,Benito,15/10/2017,3579
118,Lauralee,Perrine,16/08/2016,6597
119,Loreta,Curren,21/05/2015,9654
120,Teresa,Strawn,21/05/2015,3569
121,Belinda,Partain,15/10/2017,2564
122,Holly,Eudy,16/08/2016,8561
123,Many,Cuccia,21/05/2015,5489
124,Libbie,Dalby,21/05/2015,5489
125,Lester,Prothro,15/10/2017,6574
126,Marvel,Hail,16/08/2016,5555
127,Angelyn,Vong,21/05/2015,6125
128,Francesca,Beaudreau,15/10/2017,5412
129,Garth,Gangi,16/08/2016,3256
130,Carla,Trumbull,21/05/2015,3264
131,Veta,Muntz,15/10/2017,4569
132,Stasia,Becker,16/08/2016,7521
133,Jona,Grindle,21/05/2015,6458
134,Judie,Claywell,16/08/2016,7569
135,Dewitt,Borger,21/05/2015,8514
136,Nena,Hacker,15/10/2017,8563
137,Kelsie,Wachtel,16/08/2016,8642
138,Sau,Pfau,21/05/2015,9536
139,Shanice,Mccrystal,21/05/2015,2567
140,Chase,Karner,15/10/2017,2154
141,Tommie,Underdahl,16/08/2016,3265
142,Dorcas,Darity,21/05/2015,8765
143,Angel,Sanor,15/10/2017,3259
144,Willodean,Harn,16/08/2016,3567
145,Weston,Martina,21/05/2015,6540
146,Roma,Lafollette,15/10/2017,2654
147,Felisa,Cail,16/08/2016,6525
148,Demetria,Abbey,21/05/2015,3265
149,Jeromy,Danz,15/10/2017,3265
150,Rasheeda,Alkire,16/08/2016,6125
151,Dulce,Abril,15/10/2017,1562
152,Mara,Hashimoto,16/08/2016,1582
153,Philip,Gent,21/05/2015,2587
154,Kathleen,Hanner,15/10/2017,3549
155,Nereida,Magwood,16/08/2016,2468
156,Gaston,Brumm,21/05/2015,2554
157,Etta,Hurn,15/10/2017,3598
158,Earlean,Melgar,16/08/2016,2456
159,Vincenza,Weiland,21/05/2015,6548
160,Fallon,Winward,16/08/2016,5486
161,Arcelia,Bouska,21/05/2015,1258
162,Franklyn,Unknow,15/10/2017,2579
163,Sherron,Ascencio,16/08/2016,3256
164,Marcel,Zabriskie,21/05/2015,2587
165,Kina,Hazelton,16/08/2016,3259
166,Shavonne,Pia,21/05/2015,1546
167,Shavon,Benito,15/10/2017,3579
168,Lauralee,Perrine,16/08/2016,6597
169,Loreta,Curren,21/05/2015,9654
170,Teresa,Strawn,21/05/2015,3569
171,Belinda,Partain,15/10/2017,2564
172,Holly,Eudy,16/08/2016,8561
173,Many,Cuccia,21/05/2015,5489
174,Libbie,Dalby,21/05/2015,5489
175,Lester,Prothro,15/10/2017,6574
176,Marvel,Hail,16/08/2016,5555
177,Angelyn,Vong,21/05/2015,6125
178,Francesca,Beaudreau,15/10/2017,5412
179,Garth,Gangi,16/08/2016,3256
180,Carla,Trumbull,21/05/2015,3264
181,Veta,Muntz,15/10/2017,4569
182,Stasia,Becker,16/08/2016,7521
183,Jona,Grindle,21/05/2015,6458
184,Judie,Claywell,16/08/2016,7569
185,Dewitt,Borger,21/05/2015,8514
186,Nena,Hacker,15/10/2017,8563
187,Kelsie,Wachtel,16/08/2016,8642
188,Sau,Pfau,21/05/2015,9536
189,Shanice,Mccrystal,21/05/2015,2567
190,Chase,Karner,15/10/2017,2154
191,Tommie,Underdahl,16/08/2016,3265
192,Dorcas,Darity,21/05/2015,8765
193,Angel,Sanor,15/10/2017,3259
194,Willodean,Harn,16/08/2016,3567
195,Weston,Martina,21/05/2015,6540
196,Roma,Lafollette,15/10/2017,2654
197,Felisa,Cail,16/08/2016,6525
198,Demetria,Abbey,21/05/2015,3265
199,Jeromy,Danz,15/10/2017,3265
200,Rasheeda,Alkire,16/08/2016,6125
201,Dulce,Abril,15/10/2017,1562
202,Mara,Hashimoto,16/08/2016,1582
203,Philip,Gent,21/05/2015,2587
204,Kathleen,Hanner,15/10/2017,3549
205,Nereida,Magwood,16/08/2016,2468
206,Gaston,Brumm,21/05/2015,2554
207,Etta,Hurn,15/10/2017,3598
208,Earlean,Melgar,16/08/2016,2456
209,Vincenza,Weiland,21/05/2015,6548
210,Fallon,Winward,16/08/2016,5486
211,Arcelia,Bouska,21/05/2015,1258
212,Franklyn,Unknow,15/10/2017,2579
213,Sherron,Ascencio,16/08/2016,3256
214,Marcel,Zabriskie,21/05/2015,2587
215,Kina,Hazelton,16/08/2016,3259
216,Shavonne,Pia,21/05/2015,1546
217,Shavon,Benito,15/10/2017,3579
218,Lauralee,Perrine,16/08/2016,6597
219,Loreta,Curren,21/05/2015,9654
220,Teresa,Strawn,21/05/2015,3569
221,Belinda,Partain,15/10/2017,2564
222,Holly,Eudy,16/08/2016,8561
223,Many,Cuccia,21/05/2015,5489
224,Libbie,Dalby,21/05/2015,5489
225,Lester,Prothro,15/10/2017,6574
226,Marvel,Hail,16/08/2016,5555
227,Angelyn,Vong,21/05/2015,6125
228,Francesca,Beaudreau,15/10/2017,5412
229,Garth,Gangi,16/08/2016,3256
230,Carla,Trumbull,21/05/2015,3264
231,Veta,Muntz,15/10/2017,4569
232,Stasia,Becker,16/08/2016,7521
233,Jona,Grindle,21/05/2015,6458
234,Judie,Claywell,16/08/2016,7569
235,Dewitt,Borger,21/05/2015,8514
236,Nena,Hacker,15/10/2017,8563
237,Kelsie,Wachtel,16/08/2016,8642
238,Sau,Pfau,21/05/2015,9536
239,Shanice,Mccrystal,21/05/2015,2567
240,Chase,Karner,15/10/2017,2154
241,Tommie,Underdahl,16/08/2016,3265
242,Dorcas,Darity,21/05/2015,8765
243,Angel,Sanor,15/10/2017,3259
244,Willodean,Harn,16/08/2016,3567
245,Weston,Martina,21/05/2015,6540
246,Roma,Lafollette,15/10/2017,2654
247,Felisa,Cail,16/08/2016,6525
248,Demetria,Abbey,21/05/2015,3265
249,Jeromy,Danz,15/10/2017,3265
250,Rasheeda,Alkire,16/08/2016,6125
251,Dulce,Abril,15/10/2017,1562
252,Mara,Hashimoto,16/08/2016,1582
253,Philip,Gent,21/05/2015,2587
254,Kathleen,Hanner,15/10/2017,3549
255,Nereida,Magwood,16/08/2016,2468
256,Gaston,Brumm,21/05/2015,2554
257,Etta,Hurn,15/10/2017,3598
258,Earlean,Melgar,16/08/2016,2456
259,Vincenza,Weiland,21/05/2015,6548
260,Fallon,Winward,16/08/2016,5486
261,Arcelia,Bouska,21/05/2015,1258
262,Franklyn,Unknow,15/10/2017,2579
263,Sherron,Ascencio,16/08/2016,3256
264,Marcel,Zabriskie,21/05/2015,2587
265,Kina,Hazelton,16/08/2016,3259
266,Shavonne,Pia,21/05/2015,1546
267,Shavon,Benito,15/10/2017,3579
268,Lauralee,Perrine,16/08/2016,6597
269,Loreta,Curren,21/05/2015,9654
270,Teresa,Strawn,21/05/2015,3569
271,Belinda,Partain,15/10/2017,2564
272,Holly,Eudy,16/08/2016,8561
273,Many,Cuccia,21/05/2015,5489
274,Libbie,Dalby,21/05/2015,5489
275,Lester,Prothro,15/10/2017,6574
276,Marvel,Hail,16/08/2016,5555
277,Angelyn,Vong,21/05/2015,6125
278,Francesca,Beaudreau,15/10/2017,5412
279,Garth,Gangi,16/08/2016,3256
280,Carla,Trumbull,21/05/2015,3264
281,Veta,Muntz,15/10/2017,4569
282,Stasia,Becker,16/08/2016,7521
283,Jona,Grindle,21/05/2015,6458
284,Judie,Claywell,16/08/2016,7569
285,Dewitt,Borger,21/05/2015,8514
286,Nena,Hacker,15/10/2017,8563
287,Kelsie,Wachtel,16/08/2016,8642
288,Sau,Pfau,21/05/2015,9536
289,Shanice,Mccrystal,21/05/2015,2567
290,Chase,Karner,15/10/2017,2154
291,Tommie,Underdahl,16/08/2016,3265
292,Dorcas,Darity,21/05/2015,8765
293,Angel,Sanor,15/10/2017,3259
294,Willodean,Harn,16/08/2016,3567
295,Weston,Martina,21/05/2015,6540
296,Roma,Lafollette,15/10/2017,2654
297,Felisa,Cail,16/08/2016,6525
298,Demetria,Abbey,21/05/2015,3265
299,Jeromy,Danz,15/10/2017,3265
300,Rasheeda,Alkire,16/08/2016,6125
301,Dulce,Abril,15/10/2017,1562
302,Mara,Hashimoto,16/08/2016,1582
303,Philip,Gent,21/05/2015,2587
304,Kathleen,Hanner,15/10/2017,3549
305,Nereida,Magwood,16/08/2016,2468
306,Gaston,Brumm,21/05/2015,2554
307,Etta,Hurn,15/10/2017,3598
308,Earlean,Melgar,16/08/2016,2456
309,Vincenza,Weiland,21/05/2015,6548
310,Fallon,Winward,16/08/2016,5486
311,Arcelia,Bouska,21/05/2015,1258
312,Franklyn,Unknow,15/10/2017,2579
313,Sherron,Ascencio,16/08/2016,3256
314,Marcel,Zabriskie,21/05/2015,2587
315,Kina,Hazelton,16/08/2016,3259
316,Shavonne,Pia,21/05/2015,1546
317,Shavon,Benito,15/10/2017,3579
318,Lauralee,Perrine,16/08/2016,6597
319,Loreta,Curren,21/05/2015,9654
320,Teresa,Strawn,21/05/2015,3569
321,Belinda,Partain,15/10/2017,2564
322,Holly,Eudy,16/08/2016,8561
323,Many,Cuccia,21/05/2015,5489
324,Libbie,Dalby,21/05/2015,5489
325,Lester,Prothro,15/10/2017,6574
326,Marvel,Hail,16/08/2016,5555
327,Angelyn,Vong,21/05/2015,6125
328,Francesca,Beaudreau,15/10/2017,5412
329,Garth,Gangi,16/08/2016,3256
330,Carla,Trumbull,21/05/2015,3264
331,Veta,Muntz,15/10/2017,4569
332,Stasia,Becker,16/08/2016,7521
333,Jona,Grindle,21/05/2015,6458
334,Judie,Claywell,16/08/2016,7569
335,Dewitt,Borger,21/05/2015,8514
336,Nena,Hacker,15/10/2017,8563
337,Kelsie,Wachtel,16/08/2016,8642
338,Sau,Pfau,21/05/2015,9536
339,Shanice,Mccrystal,21/05/2015,2567
340,Chase,Karner,15/10/2017,2154
341,Tommie,Underdahl,16/08/2016,3265
342,Dorcas,Darity,21/05/2015,8765
343,Angel,Sanor,15/10/2017,3259
344,Willodean,Harn,16/08/2016,3567
345,Weston,Martina,21/05/2015,6540
346,Roma,Lafollette,15/10/2017,2654
347,Felisa,Cail,16/08/2016,6525
348,Demetria,Abbey,21/05/2015,3265
349,Jeromy,Danz,15/10/2017,3265
350,Rasheeda,Alkire,16/08/2016,6125
351,Dulce,Abril,15/10/2017,1562
352,Mara,Hashimoto,16/08/2016,1582
353,Philip,Gent,21/05/2015,2587
354,Kathleen,Hanner,15/10/2017,3549
355,Nereida,Magwood,16/08/2016,2468
356,Gaston,Brumm,21/05/2015,2554
357,Etta,Hurn,15/10/2017,3598
358,Earlean,Melgar,16/08/2016,2456
359,Vincenza,Weiland,21/05/2015,6548
360,Fallon,Winward,16/08/2016,5486
361,Arcelia,Bouska,21/05/2015,1258
362,Franklyn,Unknow,15/10/2017,2579
363,Sherron,Ascencio,16/08/2016,3256
364,Marcel,Zabriskie,21/05/2015,2587
365,Kina,Hazelton,16/08/2016,3259
366,Shavonne,Pia,21/05/2015,1546
367,Shavon,Benito,15/10/2017,3579
368,Lauralee,Perrine,16/08/2016,6597
369,Loreta,Curren,21/05/2015,9654
370,Teresa,Strawn,21/05/2015,3569
371,Belinda,Partain,15/10/2017,2564
372,Holly,Eudy,16/08/2016,8561
373,Many,Cuccia,21/05/2015,5489
374,Libbie,Dalby,21/05/2015,5489
375,Lester,Prothro,15/10/2017,6574
376,Marvel,Hail,16/08/2016,5555
377,Angelyn,Vong,21/05/2015,6125
378,Francesca,Beaudreau,15/10/2017,5412
379,Garth,Gangi,16/08/2016,3256
380,Carla,Trumbull,21/05/2015,3264
381,Veta,Muntz,15/10/2017,4569
382,Stasia,Becker,16/08/2016,7521
383,Jona,Grindle,21/05/2015,6458
384,Judie,Claywell,16/08/2016,7569
385,Dewitt,Borger,21/05/2015,8514
386,Nena,Hacker,15/10/2017,8563
387,Kelsie,Wachtel,16/08/2016,8642
388,Sau,Pfau,21/05/2015,9536
389,Shanice,Mccrystal,21/05/2015,2567
390,Chase,Karner,15/10/2017,2154
391,Tommie,Underdahl,16/08/2016,3265
392,Dorcas,Darity,21/05/2015,8765
393,Angel,Sanor,15/10/2017,3259
394,Willodean,Harn,16/08/2016,3567
395,Weston,Martina,21/05/2015,6540
396,Roma,Lafollette,15/10/2017,2654
397,Felisa,Cail,16/08/2016,6525
398,Demetria,Abbey,21/05/2015,3265
399,Jeromy,Danz,15/10/2017,3265
400,Rasheeda,Alkire,16/08/2016,6125
401,Dulce,Abril,15/10/2017,1562
402,Mara,Hashimoto,16/08/2016,1582
403,Philip,Gent,21/05/2015,2587
404,Kathleen,Hanner,15/10/2017,3549
405,Nereida,Magwood,16/08/2016,2468
406,Gaston,Brumm,21/05/2015,2554
407,Etta,Hurn,15/10/2017,3598
408,Earlean,Melgar,16/08/2016,2456
409,Vincenza,Weiland,21/05/2015,6548
410,Fallon,Winward,16/08/2016,5486
411,Arcelia,Bouska,21/05/2015,1258
412,Franklyn,Unknow,15/10/2017,2579
413,Sherron,Ascencio,16/08/2016,3256
414,Marcel,Zabriskie,21/05/2015,2587
415,Kina,Hazelton,16/08/2016,3259
416,Shavonne,Pia,21/05/2015,1546
417,Shavon,Benito,15/10/2017,3579
418,Lauralee,Perrine,16/08/2016,6597
419,Loreta,Curren,21/05/2015,9654
420,Teresa,Strawn,21/05/2015,3569
421,Belinda,Partain,15/10/2017,2564
422,Holly,Eudy,16/08/2016,8561
423,Many,Cuccia,21/05/2015,5489
424,Libbie,Dalby,21/05/2015,5489
425,Lester,Prothro,15/10/2017,6574
426,Marvel,Hail,16/08/2016,5555
427,Angelyn,Vong,21/05/2015,6125
428,Francesca,Beaudreau,15/10/2017,5412
429,Garth,Gangi,16/08/2016,3256
430,Carla,Trumbull,21/05/2015,3264
431,Veta,Muntz,15/10/2017,4569
432,Stasia,Becker,16/08/2016,7521
433,Jona,Grindle,21/05/2015,6458
434,Judie,Claywell,16/08/2016,7569
435,Dewitt,Borger,21/05/2015,8514
436,Nena,Hacker,15/10/2017,8563
437,Kelsie,Wachtel,16/08/2016,8642
438,Sau,Pfau,21/05/2015,9536
439,Shanice,Mccrystal,21/05/2015,2567
440,Chase,Karner,15/10/2017,2154
441,Tommie,Underdahl,16/08/2016,3265
442,Dorcas,Darity,21/05/2015,8765
443,Angel,Sanor,15/10/2017,3259
444,Willodean,Harn,16/08/2016,3567
445,Weston,Martina,21/05/2015,6540
446,Roma,Lafollette,15/10/2017,2654
447,Felisa,Cail,16/08/2016,6525
448,Demetria,Abbey,21/05/2015,3265
449,Jeromy,Danz,15/10/2017,3265
450,Rasheeda,Alkire,16/08/2016,6125
451,Dulce,Abril,15/10/2017,1562
452,Mara,Hashimoto,16/08/2016,1582
453,Philip,Gent,21/05/2015,2587
454,Kathleen,Hanner,15/10/2017,3549
455,Nereida,Magwood,16/08/2016,2468
456,Gaston,Brumm,21/05/2015,2554
457,Etta,Hurn,15/10/2017,3598
458,Earlean,Melgar,16/08/2016,2456
459,Vincenza,Weiland,21/05/2015,6548
460,Fallon,Winward,16/08/2016,5486
461,Arcelia,Bouska,21/05/2015,1258
462,Franklyn,Unknow,15/10/2017,2579
463,Sherron,Ascencio,16/08/2016,3256
464,Marcel,Zabriskie,21/05/2015,2587
465,Kina,Hazelton,16/08/2016,3259
466,Shavonne,Pia,21/05/2015,1546
467,Shavon,Benito,15/10/2017,3579
468,Lauralee,Perrine,16/08/2016,6597
469,Loreta,Curren,21/05/2015,9654
470,Teresa,Strawn,21/05/2015,3569
471,Belinda,Partain,15/10/2017,2564
472,Holly,Eudy,16/08/2016,8561
473,Many,Cuccia,21/05/2015,5489
474,Libbie,Dalby,21/05/2015,5489
475,Lester,Prothro,15/10/2017,6574
476,Marvel,Hail,16/08/2016,5555
477,Angelyn,Vong,21/05/2015,6125
478,Francesca,Beaudreau,15/10/2017,5412
479,Garth,Gangi,16/08/2016,3256
480,Carla,Trumbull,21/05/2015,3264
481,Veta,Muntz,15/10/2017,4569
482,Stasia,Becker,16/08/2016,7521
483,Jona,Grindle,21/05/2015,6458
484,Judie,Claywell,16/08/2016,7569
485,Dewitt,Borger,21/05/2015,8514
486,Nena,Hacker,15/10/2017,8563
487,Kelsie,Wachtel,16/08/2016,8642
488,Sau,Pfau,21/05/2015,9536
489,Shanice,Mccrystal,21/05/2015,2567
490,Chase,Karner,15/10/2017,2154
491,Tommie,Underdahl,16/08/2016,3265
492,Dorcas,Darity,21/05/2015,8765
493,Angel,Sanor,15/10/2017,3259
494,Willodean,Harn,16/08/2016,3567
495,Weston,Martina,21/05/2015,6540
496,Roma,Lafollette,15/10/2017,2654
497,Felisa,Cail,16/08/2016,6525
498,Demetria,Abbey,21/05/2015,3265
499,Jeromy,Danz,15/10/2017,3265
500,Rasheeda,Alkire,16/08/2016,6125
501,Dulce,Abril,15/10/2017,1562
502,Mara,Hashimoto,16/08/2016,1582
503,Philip,Gent,21/05/2015,2587
504,Kathleen,Hanner,15/10/2017,3549
505,Nereida,Magwood,16/08/2016,2468
506,Gaston,Brumm,21/05/2015,2554
507,Etta,Hurn,15/10/2017,3598
508,Earlean,Melgar,16/08/2016,2456
509,Vincenza,Weiland,21/05/2015,6548
510,Fallon,Winward,16/08/2016,5486
511,Arcelia,Bouska,21/05/2015,1258
512,Franklyn,Unknow,15/10/2017,2579
513,Sherron,Ascencio,16/08/2016,3256
514,Marcel,Zabriskie,21/05/2015,2587
515,Kina,Hazelton,16/08/2016,3259
516,Shavonne,Pia,21/05/2015,1546
517,Shavon,Benito,15/10/2017,3579
518,Lauralee,Perrine,16/08/2016,6597
519,Loreta,Curren,21/05/2015,9654
520,Teresa,Strawn,21/05/2015,3569
521,Belinda,Partain,15/10/2017,2564
522,Holly,Eudy,16/08/2016,8561
523,Many,Cuccia,21/05/2015,5489
524,Libbie,Dalby,21/05/2015,5489
525,Lester,Prothro,15/10/2017,6574
526,Marvel,Hail,16/08/2016,5555
527,Angelyn,Vong,21/05/2015,6125
528,Francesca,Beaudreau,15/10/2017,5412
529,Garth,Gangi,16/08/2016,3256
530,Carla,Trumbull,21/05/2015,3264
531,Veta,Muntz,15/10/2017,4569
532,Stasia,Becker,16/08/2016,7521
533,Jona,Grindle,21/05/2015,6458
534,Judie,Claywell,16/08/2016,7569
535,Dewitt,Borger,21/05/2015,8514
536,Nena,Hacker,15/10/2017,8563
537,Kelsie,Wachtel,16/08/2016,8642
538,Sau,Pfau,21/05/2015,9536
539,Shanice,Mccrystal,21/05/2015,2567
540,Chase,Karner,15/10/2017,2154
541,Tommie,Underdahl,16/08/2016,3265
542,Dorcas,Darity,21/05/2015,8765
543,Angel,Sanor,15/10/2017,3259
544,Willodean,Harn,16/08/2016,3567
545,Weston,Martina,21/05/2015,6540
546,Roma,Lafollette,15/10/2017,2654
547,Felisa,Cail,16/08/2016,6525
548,Demetria,Abbey,21/05/2015,3265
549,Jeromy,Danz,15/10/2017,3265
550,Rasheeda,Alkire,16/08/2016,6125
551,Dulce,Abril,15/10/2017,1562
552,Mara,Hashimoto,16/08/2016,1582
553,Philip,Gent,21/05/2015,2587
554,Kathleen,Hanner,15/10/2017,3549
555,Nereida,Magwood,16/08/2016,2468
556,Gaston,Brumm,21/05/2015,2554
557,Etta,Hurn,15/10/2017,3598
558,Earlean,Melgar,16/08/2016,2456
559,Vincenza,Weiland,21/05/2015,6548
560,Fallon,Winward,16/08/2016,5486
561,Arcelia,Bouska,21/05/2015,1258
562,Franklyn,Unknow,15/10/2017,2579
563,Sherron,Ascencio,16/08/2016,3256
564,Marcel,Zabriskie,21/05/2015,2587
565,Kina,Hazelton,16/08/2016,3259
566,Shavonne,Pia,21/05/2015,1546
567,Shavon,Benito,15/10/2017,3579
568,Lauralee,Perrine,16/08/2016,6597
569,Loreta,Curren,21/05/2015,9654
570,Teresa,Strawn,21/05/2015,3569
571,Belinda,Partain,15/10/2017,2564
572,Holly,Eudy,16/08/2016,8561
573,Many,Cuccia,21/05/2015,5489
574,Libbie,Dalby,21/05/2015,5489
575,Lester,Prothro,15/10/2017,6574
576,Marvel,Hail,16/08/2016,5555
577,Angelyn,Vong,21/05/2015,6125
578,Francesca,Beaudreau,15/10/2017,5412
579,Garth,Gangi,16/08/2016,3256
580,Carla,Trumbull,21/05/2015,3264
581,Veta,Muntz,15/10/2017,4569
582,Stasia,Becker,16/08/2016,7521
583,Jona,Grindle,21/05/2015,6458
584,Judie,Claywell,16/08/2016,7569
585,Dewitt,Borger,21/05/2015,8514
586,Nena,Hacker,15/10/2017,8563
587,Kelsie,Wachtel,16/08/2016,8642
588,Sau,Pfau,21/05/2015,9536
589,Shanice,Mccrystal,21/05/2015,2567
590,Chase,Karner,15/10/2017,2154
591,Tommie,Underdahl,16/08/2016,3265
592,Dorcas,Darity,21/05/2015,8765
593,Angel,Sanor,15/10/2017,3259
594,Willodean,Harn,16/08/2016,3567
595,Weston,Martina,21/05/2015,6540
596,Roma,Lafollette,15/10/2017,2654
597,Felisa,Cail,16/08/2016,6525
598,Demetria,Abbey,21/05/2015,3265
599,Jeromy,Danz,15/10/2017,3265
600,Rasheeda,Alkire,16/08/2016,6125
601,Dulce,Abril,15/10/2017,1562
602,Mara,Hashimoto,16/08/2016,1582
603,Philip,Gent,21/05/2015,2587
604,Kathleen,Hanner,15/10/2017,3549
605,Nereida,Magwood,16/08/2016,2468
606,Gaston,Brumm,21/05/2015,2554
607,Etta,Hurn,15/10/2017,3598
608,Earlean,Melgar,16/08/2016,2456
609,Vincenza,Weiland,21/05/2015,6548
610,Fallon,Winward,16/08/2016,5486
611,Arcelia,Bouska,21/05/2015,1258
612,Franklyn,Unknow,15/10/2017,2579
613,Sherron,Ascencio,16/08/2016,3256
614,Marcel,Zabriskie,21/05/2015,2587
615,Kina,Hazelton,16/08/2016,3259
616,Shavonne,Pia,21/05/2015,1546
617,Shavon,Benito,15/10/2017,3579
618,Lauralee,Perrine,16/08/2016,6597
619,Loreta,Curren,21/05/2015,9654
620,Teresa,Strawn,21/05/2015,3569
621,Belinda,Partain,15/10/2017,2564
622,Holly,Eudy,16/08/2016,8561
623,Many,Cuccia,21/05/2015,5489
624,Libbie,Dalby,21/05/2015,5489
625,Lester,Prothro,15/10/2017,6574
626,Marvel,Hail,16/08/2016,5555
627,Angelyn,Vong,21/05/2015,6125
628,Francesca,Beaudreau,15/10/2017,5412
629,Garth,Gangi,16/08/2016,3256
630,Carla,Trumbull,21/05/2015,3264
631,Veta,Muntz,15/10/2017,4569
632,Stasia,Becker,16/08/2016,7521
633,Jona,Grindle,21/05/2015,6458
634,Judie,Claywell,16/08/2016,7569
635,Dewitt,Borger,21/05/2015,8514
636,Nena,Hacker,15/10/2017,8563
637,Kelsie,Wachtel,16/08/2016,8642
638,Sau,Pfau,21/05/2015,9536
639,Shanice,Mccrystal,21/05/2015,2567
640,Chase,Karner,15/10/2017,2154
641,Tommie,Underdahl,16/08/2016,3265
642,Dorcas,Darity,21/05/2015,8765
643,Angel,Sanor,15/10/2017,3259
644,Willodean,Harn,16/08/2016,3567
645,Weston,Martina,21/05/2015,6540
646,Roma,Lafollette,15/10/2017,2654
647,Felisa,Cail,16/08/2016,6525
648,Demetria,Abbey,21/05/2015,3265
649,Jeromy,Danz,15/10/2017,3265
650,Rasheeda,Alkire,16/08/2016,6125
651,Dulce,Abril,15/10/2017,1562
652,Mara,Hashimoto,16/08/2016,1582
653,Philip,Gent,21/05/2015,2587
654,Kathleen,Hanner,15/10/2017,3549
655,Nereida,Magwood,16/08/2016,2468
656,Gaston,Brumm,21/05/2015,2554
657,Etta,Hurn,15/10/2017,3598
658,Earlean,Melgar,16/08/2016,2456
659,Vincenza,Weiland,21/05/2015,6548
660,Fallon,Winward,16/08/2016,5486
661,Arcelia,Bouska,21/05/2015,1258
662,Franklyn,Unknow,15/10/2017,2579
663,Sherron,Ascencio,16/08/2016,3256
664,Marcel,Zabriskie,21/05/2015,2587
665,Kina,Hazelton,16/08/2016,3259
666,Shavonne,Pia,21/05/2015,1546
667,Shavon,Benito,15/10/2017,3579
668,Lauralee,Perrine,16/08/2016,6597
669,Loreta,Curren,21/05/2015,9654
670,Teresa,Strawn,21/05/2015,3569
671,Belinda,Partain,15/10/2017,2564
672,Holly,Eudy,16/08/2016,8561
673,Many,Cuccia,21/05/2015,5489
674,Libbie,Dalby,21/05/2015,5489
675,Lester,Prothro,15/10/2017,6574
676,Marvel,Hail,16/08/2016,5555
677,Angelyn,Vong,21/05/2015,6125
678,Francesca,Beaudreau,15/10/2017,5412
679,Garth,Gangi,16/08/2016,3256
680,Carla,Trumbull,21/05/2015,3264
681,Veta,Muntz,15/10/2017,4569
682,Stasia,Becker,16/08/2016,7521
683,Jona,Grindle,21/05/2015,6458
684,Judie,Claywell,16/08/2016,7569
685,Dewitt,Borger,21/05/2015,8514
686,Nena,Hacker,15/10/2017,8563
687,Kelsie,Wachtel,16/08/2016,8642
688,Sau,Pfau,21/05/2015,9536
689,Shanice,Mccrystal,21/05/2015,2567
690,Chase,Karner,15/10/2017,2154
691,Tommie,Underdahl,16/08/2016,3265
692,Dorcas,Darity,21/05/2015,8765
693,Angel,Sanor,15/10/2017,3259
694,Willodean,Harn,16/08/2016,3567
695,Weston,Martina,21/05/2015,6540
696,Roma,Lafollette,15/10/2017,2654
697,Felisa,Cail,16/08/2016,6525
698,Demetria,Abbey,21/05/2015,3265
699,Jeromy,Danz,15/10/2017,3265
700,Rasheeda,Alkire,16/08/2016,6125
701,Dulce,Abril,15/10/2017,1562
702,Mara,Hashimoto,16/08/2016,1582
703,Philip,Gent,21/05/2015,2587
704,Kathleen,Hanner,15/10/2017,3549
705,Nereida,Magwood,16/08/2016,2468
706,Gaston,Brumm,21/05/2015,2554
707,Etta,Hurn,15/10/2017,3598
708,Earlean,Melgar,16/08/2016,2456
709,Vincenza,Weiland,21/05/2015,6548
710,Fallon,Winward,16/08/2016,5486
711,Arcelia,Bouska,21/05/2015,1258
712,Franklyn,Unknow,15/10/2017,2579
713,Sherron,Ascencio,16/08/2016,3256
714,Marcel,Zabriskie,21/05/2015,2587
715,Kina,Hazelton,16/08/2016,3259
716,Shavonne,Pia,21/05/2015,1546
717,Shavon,Benito,15/10/2017,3579
718,Lauralee,Perrine,16/08/2016,6597
719,Loreta,Curren,21/05/2015,9654
720,Teresa,Strawn,21/05/2015,3569
721,Belinda,Partain,15/10/2017,2564
722,Holly,Eudy,16/08/2016,8561
723,Many,Cuccia,21/05/2015,5489
724,Libbie,Dalby,21/05/2015,5489
725,Lester,Prothro,15/10/2017,6574
726,Marvel,Hail,16/08/2016,5555
727,Angelyn,Vong,21/05/2015,6125
728,Francesca,Beaudreau,15/10/2017,5412
729,Garth,Gangi,16/08/2016,3256
730,Carla,Trumbull,21/05/2015,3264
731,Veta,Muntz,15/10/2017,4569
732,Stasia,Becker,16/08/2016,7521
733,Jona,Grindle,21/05/2015,6458
734,Judie,Claywell,16/08/2016,7569
735,Dewitt,Borger,21/05/2015,8514
736,Nena,Hacker,15/10/2017,8563
737,Kelsie,Wachtel,16/08/2016,8642
738,Sau,Pfau,21/05/2015,9536
739,Shanice,Mccrystal,21/05/2015,2567
740,Chase,Karner,15/10/2017,2154
741,Tommie,Underdahl,16/08/2016,3265
742,Dorcas,Darity,21/05/2015,8765
743,Angel,Sanor,15/10/2017,3259
744,Willodean,Harn,16/08/2016,3567
745,Weston,Martina,21/05/2015,6540
746,Roma,Lafollette,15/10/2017,2654
747,Felisa,Cail,16/08/2016,6525
748,Demetria,Abbey,21/05/2015,3265
749,Jeromy,Danz,15/10/2017,3265
750,Rasheeda,Alkire,16/08/2016,6125
751,Dulce,Abril,15/10/2017,1562
752,Mara,Hashimoto,16/08/2016,1582
753,Philip,Gent,21/05/2015,2587
754,Kathleen,Hanner,15/10/2017,3549
755,Nereida,Magwood,16/08/2016,2468
756,Gaston,Brumm,21/05/2015,2554
757,Etta,Hurn,15/10/2017,3598
758,Earlean,Melgar,16/08/2016,2456
759,Vincenza,Weiland,21/05/2015,6548
760,Fallon,Winward,16/08/2016,5486
761,Arcelia,Bouska,21/05/2015,1258
762,Franklyn,Unknow,15/10/2017,2579
763,Sherron,Ascencio,16/08/2016,3256
764,Marcel,Zabriskie,21/05/2015,2587
765,Kina,Hazelton,16/08/2016,3259
766,Shavonne,Pia,21/05/2015,1546
767,Shavon,Benito,15/10/2017,3579
768,Lauralee,Perrine,16/08/2016,6597
769,Loreta,Curren,21/05/2015,9654
770,Teresa,Strawn,21/05/2015,3569
771,Belinda,Partain,15/10/2017,2564
772,Holly,Eudy,16/08/2016,8561
773,Many,Cuccia,21/05/2015,5489
774,Libbie,Dalby,21/05/2015,5489
775,Lester,Prothro,15/10/2017,6574
776,Marvel,Hail,16/08/2016,5555
777,Angelyn,Vong,21/05/2015,6125
778,Francesca,Beaudreau,15/10/2017,5412
779,Garth,Gangi,16/08/2016,3256
780,Carla,Trumbull,21/05/2015,3264
781,Veta,Muntz,15/10/2017,4569
782,Stasia,Becker,16/08/2016,7521
783,Jona,Grindle,21/05/2015,6458
784,Judie,Claywell,16/08/2016,7569
785,Dewitt,Borger,21/05/2015,8514
786,Nena,Hacker,15/10/2017,8563
787,Kelsie,Wachtel,16/08/2016,8642
788,Sau,Pfau,21/05/2015,9536
789,Shanice,Mccrystal,21/05/2015,2567
790,Chase,Karner,15/10/2017,2154
791,Tommie,Underdahl,16/08/2016,3265
792,Dorcas,Darity,21/05/2015,8765
793,Angel,Sanor,15/10/2017,3259
794,Willodean,Harn,16/08/2016,3567
795,Weston,Martina,21/05/2015,6540
796,Roma,Lafollette,15/10/2017,2654
797,Felisa,Cail,16/08/2016,6525
798,Demetria,Abbey,21/05/2015,3265
799,Jeromy,Danz,15/10/2017,3265
800,Rasheeda,Alkire,16/08/2016,6125
801,Dulce,Abril,15/10/2017,1562
802,Mara,Hashimoto,16/08/2016,1582
803,Philip,Gent,21/05/2015,2587
804,Kathleen,Hanner,15/10/2017,3549
805,Nereida,Magwood,16/08/2016,2468
806,Gaston,Brumm,21/05/2015,2554
807,Etta,Hurn,15/10/2017,3598
808,Earlean,Melgar,16/08/2016,2456
809,Vincenza,Weiland,21/05/2015,6548
810,Fallon,Winward,16/08/2016,5486
811,Arcelia,Bouska,21/05/2015,1258
812,Franklyn,Unknow,15/10/2017,2579
813,Sherron,Ascencio,16/08/2016,3256
814,Marcel,Zabriskie,21/05/2015,2587
815,Kina,Hazelton,16/08/2016,3259
816,Shavonne,Pia,21/05/2015,1546
817,Shavon,Benito,15/10/2017,3579
818,Lauralee,Perrine,16/08/2016,6597
819,Loreta,Curren,21/05/2015,9654
820,Teresa,Strawn,21/05/2015,3569
821,Belinda,Partain,15/10/2017,2564
822,Holly,Eudy,16/08/2016,8561
823,Many,Cuccia,21/05/2015,5489
824,Libbie,Dalby,21/05/2015,5489
825,Lester,Prothro,15/10/2017,6574
826,Marvel,Hail,16/08/2016,5555
827,Angelyn,Vong,21/05/2015,6125
828,Francesca,Beaudreau,15/10/2017,5412
829,Garth,Gangi,16/08/2016,3256
830,Carla,Trumbull,21/05/2015,3264
831,Veta,Muntz,15/10/2017,4569
832,Stasia,Becker,16/08/2016,7521
833,Jona,Grindle,21/05/2015,6458
834,Judie,Claywell,16/08/2016,7569
835,Dewitt,Borger,21/05/2015,8514
836,Nena,Hacker,15/10/2017,8563
837,Kelsie,Wachtel,16/08/2016,8642
838,Sau,Pfau,21/05/2015,9536
839,Shanice,Mccrystal,21/05/2015,2567
840,Chase,Karner,15/10/2017,2154
841,Tommie,Underdahl,16/08/2016,3265
842,Dorcas,Darity,21/05/2015,8765
843,Angel,Sanor,15/10/2017,3259
844,Willodean,Harn,16/08/2016,3567
845,Weston,Martina,21/05/2015,6540
846,Roma,Lafollette,15/10/2017,2654
847,Felisa,Cail,16/08/2016,6525
848,Demetria,Abbey,21/05/2015,3265
849,Jeromy,Danz,15/10/2017,3265
850,Rasheeda,Alkire,16/08/2016,6125
851,Dulce,Abril,15/10/2017,1562
852,Mara,Hashimoto,16/08/2016,1582
853,Philip,Gent,21/05/2015,2587
854,Kathleen,Hanner,15/10/2017,3549
855,Nereida,Magwood,16/08/2016,2468
856,Gaston,Brumm,21/05/2015,2554
857,Etta,Hurn,15/10/2017,3598
858,Earlean,Melgar,16/08/2016,2456
859,Vincenza,Weiland,21/05/2015,6548
860,Fallon,Winward,16/08/2016,5486
861,Arcelia,Bouska,21/05/2015,1258
862,Franklyn,Unknow,15/10/2017,2579
863,Sherron,Ascencio,16/08/2016,3256
864,Marcel,Zabriskie,21/05/2015,2587
865,Kina,Hazelton,16/08/2016,3259
866,Shavonne,Pia,21/05/2015,1546
867,Shavon,Benito,15/10/2017,3579
868,Lauralee,Perrine,16/08/2016,6597
869,Loreta,Curren,21/05/2015,9654
870,Teresa,Strawn,21/05/2015,3569
871,Belinda,Partain,15/10/2017,2564
872,Holly,Eudy,16/08/2016,8561
873,Many,Cuccia,21/05/2015,5489
874,Libbie,Dalby,21/05/2015,5489
875,Lester,Prothro,15/10/2017,6574
876,Marvel,Hail,16/08/2016,5555
877,Angelyn,Vong,21/05/2015,6125
878,Francesca,Beaudreau,15/10/2017,5412
879,Garth,Gangi,16/08/2016,3256
880,Carla,Trumbull,21/05/2015,3264
881,Veta,Muntz,15/10/2017,4569
882,Stasia,Becker,16/08/2016,7521
883,Jona,Grindle,21/05/2015,6458
884,Judie,Claywell,16/08/2016,7569
885,Dewitt,Borger,21/05/2015,8514
886,Nena,Hacker,15/10/2017,8563
887,Kelsie,Wachtel,16/08/2016,8642
888,Sau,Pfau,21/05/2015,9536
889,Shanice,Mccrystal,21/05/2015,2567
890,Chase,Karner,15/10/2017,2154
891,Tommie,Underdahl,16/08/2016,3265
892,Dorcas,Darity,21/05/2015,8765
893,Angel,Sanor,15/10/2017,3259
894,Willodean,Harn,16/08/2016,3567
895,Weston,Martina,21/05/2015,6540
896,Roma,Lafollette,15/10/2017,2654
897,Felisa,Cail,16/08/2016,6525
898,Demetria,Abbey,21/05/2015,3265
899,Jeromy,Danz,15/10/2017,3265
900,Rasheeda,Alkire,16/08/2016,6125
901,Dulce,Abril,15/10/2017,1562
902,Mara,Hashimoto,16/08/2016,1582
903,Philip,Gent,21/05/2015,2587
904,Kathleen,Hanner,15/10/2017,3549
905,Nereida,Magwood,16/08/2016,2468
906,Gaston,Brumm,21/05/2015,2554
907,Etta,Hurn,15/10/2017,3598
908,Earlean,Melgar,16/08/2016,2456
909,Vincenza,Weiland,21/05/2015,6548
910,Fallon,Winward,16/08/2016,5486
911,Arcelia,Bouska,21/05/2015,1258
912,Franklyn,Unknow,15/10/2017,2579
913,Sherron,Ascencio,16/08/2016,3256
914,Marcel,Zabriskie,21/05/2015,2587
915,Kina,Hazelton,16/08/2016,3259
916,Shavonne,Pia,21/05/2015,1546
917,Shavon,Benito,15/10/2017,3579
918,Lauralee,Perrine,16/08/2016,6597
919,Loreta,Curren,21/05/2015,9654
920,Teresa,Strawn,21/05/2015,3569
921,Belinda,Partain,15/10/2017,2564
922,Holly,Eudy,16/08/2016,8561
923,Many,Cuccia,21/05/2015,5489
924,Libbie,Dalby,21/05/2015,5489
925,Lester,Prothro,15/10/2017,6574
926,Marvel,Hail,16/08/2016,5555
927,Angelyn,Vong,21/05/2015,6125
928,Francesca,Beaudreau,15/10/2017,5412
929,Garth,Gangi,16/08/2016,3256
930,Carla,Trumbull,21/05/2015,3264
931,Veta,Muntz,15/10/2017,4569
932,Stasia,Becker,16/08/2016,7521
933,Jona,Grindle,21/05/2015,6458
934,Judie,Claywell,16/08/2016,7569
935,Dewitt,Borger,21/05/2015,8514
936,Nena,Hacker,15/10/2017,8563
937,Kelsie,Wachtel,16/08/2016,8642
938,Sau,Pfau,21/05/2015,9536
939,Shanice,Mccrystal,21/05/2015,2567
940,Chase,Karner,15/10/2017,2154
941,Tommie,Underdahl,16/08/2016,3265
942,Dorcas,Darity,21/05/2015,8765
943,Angel,Sanor,15/10/2017,3259
944,Willodean,Harn,16/08/2016,3567
945,Weston,Martina,21/05/2015,6540
946,Roma,Lafollette,15/10/2017,2654
947,Felisa,Cail,16/08/2016,6525
948,Demetria,Abbey,21/05/2015,3265
949,Jeromy,Danz,15/10/2017,3265
950,Rasheeda,Alkire,16/08/2016,6125
951,Dulce,Abril,15/10/2017,1562
952,Mara,Hashimoto,16/08/2016,1582
953,Philip,Gent,21/05/2015,2587
954,Kathleen,Hanner,15/10/2017,3549
955,Nereida,Magwood,16/08/2016,2468
956,Gaston,Brumm,21/05/2015,2554
957,Etta,Hurn,15/10/2017,3598
958,Earlean,Melgar,16/08/2016,2456
959,Vincenza,Weiland,21/05/2015,6548
960,Fallon,Winward,16/08/2016,5486
961,Arcelia,Bouska,21/05/2015,1258
962,Franklyn,Unknow,15/10/2017,2579
963,Sherron,Ascencio,16/08/2016,3256
964,Marcel,Zabriskie,21/05/2015,2587
965,Kina,Hazelton,16/08/2016,3259
966,Shavonne,Pia,21/05/2015,1546
967,Shavon,Benito,15/10/2017,3579
968,Lauralee,Perrine,16/08/2016,6597
969,Loreta,Curren,21/05/2015,9654
970,Teresa,Strawn,21/05/2015,3569
971,Belinda,Partain,15/10/2017,2564
972,Holly,Eudy,16/08/2016,8561
973,Many,Cuccia,21/05/2015,5489
974,Libbie,Dalby,21/05/2015,5489
975,Lester,Prothro,15/10/2017,6574
976,Marvel,Hail,16/08/2016,5555
977,Angelyn,Vong,21/05/2015,6125
978,Francesca,Beaudreau,15/10/2017,5412
979,Garth,Gangi,16/08/2016,3256
980,Carla,Trumbull,21/05/2015,3264
981,Veta,Muntz,15/10/2017,4569
982,Stasia,Becker,16/08/2016,7521
983,Jona,Grindle,21/05/2015,6458
984,Judie,Claywell,16/08/2016,7569
985,Dewitt,Borger,21/05/2015,8514
986,Nena,Hacker,15/10/2017,8563
987,Kelsie,Wachtel,16/08/2016,8642
988,Sau,Pfau,21/05/2015,9536
989,Shanice,Mccrystal,21/05/2015,2567
990,Chase,Karner,15/10/2017,2154
991,Tommie,Underdahl,16/08/2016,3265
992,Dorcas,Darity,21/05/2015,8765
993,Angel,Sanor,15/10/2017,3259
994,Willodean,Harn,16/08/2016,3567
995,Weston,Martina,21/05/2015,6540
996,Roma,Lafollette,15/10/2017,2654
997,Felisa,Cail,16/08/2016,6525
998,Demetria,Abbey,21/05/2015,3265
999,Jeromy,Danz,15/10/2017,3265
1000,Rasheeda,Alkire,16/08/2016,6125
